PostID,Title,Description,CreatedAt,UserID,GraphID
1,Robust,erat eros viverra eget congue eget semper rutrum nulla nunc,2024-10-03,15,6
2,info-mediaries,lorem integer tincidunt ante vel ipsum praesent blandit lacinia erat vestibulum sed magna at nunc commodo placerat praesent blandit nam nulla integer pede justo,2024-11-18,6,5
3,Automated,fusce congue diam id ornare imperdiet sapien urna pretium nisl ut volutpat sapien arcu sed augue aliquam erat volutpat in congue etiam,2024-06-08,12,11
4,transitional,nisl nunc rhoncus dui vel sem sed sagittis nam congue,2024-05-23,13,11
5,artificial intelligence,neque vestibulum eget vulputate ut ultrices vel augue vestibulum ante ipsum primis in faucibus orci luctus et ultrices posuere cubilia curae donec pharetra magna vestibulum aliquet ultrices erat tortor sollicitudin,2024-07-29,12,10
6,Face to face,condimentum neque sapien placerat ante nulla justo aliquam quis turpis eget elit,2024-09-25,4,11
7,Multi-lateral,orci pede venenatis non sodales sed tincidunt eu felis fusce posuere,2024-11-27,8,35
8,firmware,amet erat nulla tempus vivamus in felis eu sapien cursus vestibulum proin eu mi nulla ac enim in tempor turpis nec euismod,2024-09-09,4,6
9,static,amet eleifend pede libero quis orci nullam molestie nibh in lectus pellentesque at nulla suspendisse potenti cras in purus eu magna vulputate luctus cum sociis natoque,2025-04-23,3,6
10,info-mediaries,dapibus duis at velit eu est congue elementum in hac habitasse platea,2025-03-14,9,17
11,Graphic Interface,eget elit sodales scelerisque mauris sit amet eros suspendisse accumsan tortor,2024-03-29,10,37
12,workforce,duis bibendum morbi non quam nec dui luctus rutrum nulla tellus in sagittis dui vel nisl,2025-02-25,1,9
13,toolset,fermentum donec ut mauris eget massa tempor convallis nulla neque libero convallis eget eleifend luctus ultricies eu nibh quisque id justo sit amet sapien dignissim vestibulum vestibulum ante ipsum,2024-09-18,11,19
14,discrete,donec ut dolor morbi vel lectus in quam fringilla rhoncus mauris enim leo rhoncus sed vestibulum,2024-07-10,4,32
15,static,in lectus pellentesque at nulla suspendisse potenti cras in purus eu magna vulputate luctus cum sociis natoque penatibus et magnis dis parturient montes nascetur ridiculus mus vivamus,2024-12-19,14,23
16,bandwidth-monitored,cras mi pede malesuada in imperdiet et commodo vulputate justo in blandit ultrices enim,2025-04-30,8,15
17,task-force,elementum ligula vehicula consequat morbi a ipsum integer a nibh in quis justo maecenas rhoncus aliquam lacus morbi quis tortor id nulla ultrices aliquet maecenas leo,2025-01-28,4,30
18,methodical,purus eu magna vulputate luctus cum sociis natoque penatibus et magnis dis parturient montes nascetur ridiculus,2025-03-16,4,37
19,infrastructure,amet cursus id turpis integer aliquet massa id lobortis convallis tortor risus dapibus augue vel accumsan tellus nisi,2025-03-27,5,39
20,Enhanced,vivamus metus arcu adipiscing molestie hendrerit at vulputate vitae nisl aenean lectus pellentesque eget nunc,2024-07-08,5,38
21,groupware,felis fusce posuere felis sed lacus morbi sem mauris laoreet ut rhoncus aliquet pulvinar,2025-04-15,16,3
22,Inverse,feugiat non pretium quis lectus suspendisse potenti in eleifend quam a odio in hac habitasse platea dictumst maecenas ut massa quis augue luctus tincidunt nulla mollis molestie,2024-09-04,4,1
23,Seamless,felis eu sapien cursus vestibulum proin eu mi nulla ac enim in tempor turpis nec euismod scelerisque quam turpis adipiscing lorem,2024-05-25,1,7
24,Ergonomic,ipsum primis in faucibus orci luctus et ultrices posuere cubilia curae donec pharetra magna vestibulum aliquet ultrices erat tortor sollicitudin mi sit amet lobortis sapien sapien non mi integer,2024-01-21,14,37
25,zero defect,laoreet ut rhoncus aliquet pulvinar sed nisl nunc rhoncus dui,2024-01-07,13,34
26,Distributed,congue diam id ornare imperdiet sapien urna pretium nisl ut,2024-06-03,10,5
27,Universal,proin interdum mauris non ligula pellentesque ultrices phasellus id sapien,2024-12-10,14,29
28,multimedia,placerat ante nulla justo aliquam quis turpis eget elit sodales scelerisque mauris sit amet eros suspendisse accumsan tortor quis turpis sed,2024-07-04,1,23
29,application,nulla suscipit ligula in lacus curabitur at ipsum ac tellus semper interdum mauris ullamcorper purus,2024-01-29,11,13
30,core,libero non mattis pulvinar nulla pede ullamcorper augue a suscipit nulla elit ac nulla sed vel enim sit amet nunc,2024-02-27,9,15
31,Automated,lectus pellentesque eget nunc donec quis orci eget orci vehicula condimentum curabitur in libero ut massa volutpat convallis morbi,2024-01-01,11,27
32,human-resource,duis at velit eu est congue elementum in hac habitasse platea dictumst morbi vestibulum velit id pretium iaculis diam erat fermentum justo nec,2024-03-14,9,28
33,solution-oriented,suspendisse potenti nullam porttitor lacus at turpis donec posuere metus vitae ipsum aliquam non mauris morbi non lectus aliquam sit amet diam in magna bibendum,2025-03-17,18,7
34,modular,nullam sit amet turpis elementum ligula vehicula consequat morbi a ipsum integer a nibh in quis,2025-05-03,2,16
35,capacity,in hac habitasse platea dictumst aliquam augue quam sollicitudin vitae consectetuer eget rutrum at lorem integer tincidunt ante,2024-10-01,16,15
36,24 hour,a nibh in quis justo maecenas rhoncus aliquam lacus morbi quis tortor id nulla ultrices aliquet,2024-01-04,12,1
37,interactive,faucibus accumsan odio curabitur convallis duis consequat dui nec nisi volutpat eleifend donec ut dolor morbi vel lectus in quam fringilla,2024-08-10,9,29
38,national,scelerisque quam turpis adipiscing lorem vitae mattis nibh ligula nec sem duis aliquam convallis nunc proin at turpis a pede posuere,2024-10-17,16,3
39,circuit,sit amet sem fusce consequat nulla nisl nunc nisl duis bibendum felis sed interdum venenatis turpis enim blandit mi in porttitor pede justo eu massa donec dapibus duis at velit,2025-03-21,7,22
40,strategy,nulla suspendisse potenti cras in purus eu magna vulputate luctus cum sociis natoque penatibus,2024-01-27,12,35
41,clear-thinking,dictumst morbi vestibulum velit id pretium iaculis diam erat fermentum justo nec condimentum neque sapien placerat ante nulla justo aliquam quis turpis eget elit sodales scelerisque mauris sit amet eros,2025-03-24,5,35
42,concept,aliquam non mauris morbi non lectus aliquam sit amet diam in magna bibendum imperdiet nullam orci pede,2024-09-20,11,20
43,flexibility,dis parturient montes nascetur ridiculus mus etiam vel augue vestibulum rutrum rutrum neque,2024-08-11,3,2
44,time-frame,in sapien iaculis congue vivamus metus arcu adipiscing molestie hendrerit at vulputate vitae nisl aenean,2024-10-06,3,10
45,Sharable,odio in hac habitasse platea dictumst maecenas ut massa quis augue luctus tincidunt nulla mollis molestie lorem quisque ut erat curabitur gravida nisi at nibh,2024-12-27,10,26
46,Inverse,primis in faucibus orci luctus et ultrices posuere cubilia curae duis faucibus accumsan odio curabitur convallis duis consequat dui nec nisi volutpat eleifend donec ut dolor morbi vel lectus in,2023-12-17,11,11
47,Cloned,lorem quisque ut erat curabitur gravida nisi at nibh in hac habitasse platea dictumst aliquam augue,2024-10-03,5,2
48,real-time,nec dui luctus rutrum nulla tellus in sagittis dui vel nisl duis ac nibh fusce lacus purus aliquet at feugiat non pretium quis lectus suspendisse potenti in eleifend,2024-05-01,9,10
49,Switchable,tellus in sagittis dui vel nisl duis ac nibh fusce lacus purus aliquet at feugiat non pretium quis lectus suspendisse potenti in eleifend quam a odio in hac,2025-06-07,13,12
50,groupware,at velit vivamus vel nulla eget eros elementum pellentesque quisque porta volutpat erat quisque erat eros viverra eget congue eget semper rutrum nulla nunc purus phasellus in,2024-03-14,14,38
51,capacity,potenti nullam porttitor lacus at turpis donec posuere metus vitae ipsum aliquam non mauris morbi non lectus aliquam sit amet diam in magna,2024-12-15,8,31
52,Distributed,vitae quam suspendisse potenti nullam porttitor lacus at turpis donec posuere metus vitae ipsum aliquam non mauris morbi,2024-12-24,8,35
53,flexibility,ultrices vel augue vestibulum ante ipsum primis in faucibus orci,2024-02-09,7,15
54,explicit,nam nulla integer pede justo lacinia eget tincidunt eget tempus vel pede morbi porttitor lorem id ligula suspendisse ornare consequat lectus in est risus auctor sed tristique,2025-05-10,14,35
55,parallelism,dictumst maecenas ut massa quis augue luctus tincidunt nulla mollis molestie lorem quisque ut erat curabitur gravida nisi at nibh in hac habitasse platea,2024-11-11,8,14
56,process improvement,pellentesque at nulla suspendisse potenti cras in purus eu magna vulputate luctus cum sociis natoque penatibus et magnis dis parturient montes nascetur ridiculus mus,2024-04-06,14,2
57,hierarchy,nullam sit amet turpis elementum ligula vehicula consequat morbi a ipsum integer a nibh in quis justo maecenas rhoncus aliquam lacus morbi quis tortor id nulla ultrices aliquet maecenas leo,2025-05-23,15,8
58,standardization,dui maecenas tristique est et tempus semper est quam pharetra magna ac consequat metus sapien ut nunc vestibulum ante ipsum,2024-12-29,17,20
59,methodology,magna vulputate luctus cum sociis natoque penatibus et magnis dis parturient montes nascetur ridiculus mus vivamus vestibulum sagittis sapien cum sociis natoque penatibus et magnis dis parturient,2024-03-09,8,33
60,capacity,a nibh in quis justo maecenas rhoncus aliquam lacus morbi quis tortor id nulla ultrices aliquet maecenas leo odio condimentum id luctus nec molestie sed justo pellentesque viverra,2024-07-21,15,6
61,analyzer,convallis nulla neque libero convallis eget eleifend luctus ultricies eu nibh quisque id,2024-02-11,15,24
62,foreground,posuere cubilia curae mauris viverra diam vitae quam suspendisse potenti nullam porttitor lacus at turpis donec posuere metus vitae ipsum aliquam non mauris morbi non lectus aliquam,2024-01-08,11,10
63,orchestration,vestibulum proin eu mi nulla ac enim in tempor turpis,2024-06-22,13,36
64,projection,metus arcu adipiscing molestie hendrerit at vulputate vitae nisl aenean lectus pellentesque eget nunc donec quis orci eget orci vehicula condimentum curabitur in libero,2024-07-18,10,17
65,projection,dapibus duis at velit eu est congue elementum in hac habitasse platea dictumst morbi vestibulum velit id pretium iaculis diam erat fermentum justo nec,2024-12-04,2,3
66,human-resource,vel nisl duis ac nibh fusce lacus purus aliquet at feugiat non pretium quis,2024-03-02,16,29
67,Synergized,duis bibendum morbi non quam nec dui luctus rutrum nulla tellus in sagittis dui vel nisl duis,2024-06-05,18,3
68,bottom-line,semper rutrum nulla nunc purus phasellus in felis donec semper sapien a libero nam dui proin leo odio porttitor id consequat in consequat ut nulla sed,2024-02-05,8,25
69,throughput,adipiscing molestie hendrerit at vulputate vitae nisl aenean lectus pellentesque eget nunc donec,2024-04-02,13,29
70,firmware,primis in faucibus orci luctus et ultrices posuere cubilia curae duis faucibus accumsan,2024-07-28,5,26
71,Extended,quis turpis sed ante vivamus tortor duis mattis egestas metus aenean fermentum donec,2025-02-27,4,26
72,Assimilated,eget massa tempor convallis nulla neque libero convallis eget eleifend luctus ultricies eu nibh quisque id justo sit amet sapien dignissim vestibulum vestibulum ante,2025-03-03,17,22
73,Business-focused,proin leo odio porttitor id consequat in consequat ut nulla sed accumsan felis ut at,2025-02-14,17,12
74,Universal,nisi at nibh in hac habitasse platea dictumst aliquam augue quam sollicitudin vitae consectetuer eget rutrum at lorem integer tincidunt ante vel ipsum praesent blandit,2025-02-01,4,32
75,parallelism,porttitor pede justo eu massa donec dapibus duis at velit eu est congue elementum in hac habitasse platea dictumst morbi vestibulum velit id pretium iaculis diam erat fermentum justo,2025-05-11,6,34
76,alliance,adipiscing elit proin interdum mauris non ligula pellentesque ultrices phasellus id sapien in sapien,2024-10-31,5,32
77,logistical,quam turpis adipiscing lorem vitae mattis nibh ligula nec sem duis aliquam convallis nunc proin at turpis a pede posuere nonummy integer non velit donec,2024-05-14,3,19
78,extranet,pharetra magna vestibulum aliquet ultrices erat tortor sollicitudin mi sit amet lobortis sapien sapien non mi integer ac,2024-05-04,13,22
79,knowledge user,dictumst maecenas ut massa quis augue luctus tincidunt nulla mollis molestie lorem quisque ut erat curabitur gravida nisi at nibh in hac,2025-02-24,2,22
80,optimizing,porttitor pede justo eu massa donec dapibus duis at velit eu est congue elementum in hac habitasse platea dictumst morbi vestibulum velit,2025-03-26,11,26
